primary	aliases	query_terms	n_approvals	first_approval	last_approval	codes	code_sources	codes_validated	n_studies	fih_date	fih_nct	fih_phase	fih_in_title	fih_via	fih_sponsor	inn_only_fih_date	inn_only_nct	months_gained_by_code	fih_title_only_date	fih_no_platform_filter_date	fih_corpus_internal_date	confidence	external_only_codes
zanubrutinib	brukinsa|zanubrutinib	brukinsa|zanubrutinib	2	2023-01-19	2024-03-07	BDB-3111|BGB-3111|BGB3111	BDB-3111:ctgov:strong|BGB-3111:ctgov+ctloc:strong|BGB3111:ctgov:strong	BDB-3111|BGB-3111|BGB3111	196	2014-09-04	NCT02343120	PHASE1;PHASE2	1	inn	BeiGene	2014-09-04	NCT02343120	0	2014-09-04	2014-09-04	2014-09-04	high	BDB-3111|BGB3111
tucatinib	tucatinib|tukysa	tucatinib|tukysa	1	2023-01-19	2023-01-19	ARRY-380|MK-7119|ONT-380	ARRY-380:ctgov:strong|MK-7119:ctgov:strong|ONT-380:ctgov+ctloc:strong	ARRY-380|MK-7119|ONT-380	66	2008-05	NCT00650572	PHASE1	1	code	Seagen Inc.	2013-12-31	NCT02025192	67	2008-05	2008-05	2013-12-31	high	ARRY-380|MK-7119
pembrolizumab	keytruda|pembrolizumab	keytruda|pembrolizumab	14	2023-01-26	2026-07-10	BCD-201|BYL-719|GME-751|GME751|HLX17|MK-1308A|MK-3475|MK-3475A|MK-4280A|MK-7684A|MK3475|MK4280A|QL2107|RPH-075|RPH075|SB-27|SB27|SCH-9000475|SCH-900475|SCH900475|SGN-35	BCD-201:ctgov:strong|BYL-719:ctgov:strong|GME-751:ctgov:strong|GME751:ctgov:strong|HLX17:ctgov:strong|MK-1308A:ctgov:strong|MK-3475:conf+ctgov+ctloc:strong|MK-3475A:ctgov:strong|MK-4280A:ctgov+ctloc:strong|MK-7684A:conf+ctgov:strong|MK3475:ctgov:strong|MK4280A:conf:strong|QL2107:ctgov:strong|RPH-075:ctgov:strong|RPH075:ctgov:strong|SB-27:ctgov:strong|SB27:ctgov:strong|SCH-9000475:ctgov:strong|SCH-900475:ctgov:strong|SCH900475:ctgov:strong|SGN-35:ctgov:conflict	BCD-201|BYL-719|GME-751|GME751|HLX17|MK-1308A|MK-3475|MK-3475A|MK-4280A|MK-7684A|MK3475|MK4280A|QL2107|RPH-075|RPH075|SB-27|SB27|SCH-9000475|SCH-900475|SCH900475	680	2010-08-26	NCT01174121	PHASE2	1	inn	National Cancer Institute (NCI)	2010-08-26	NCT01174121	0	2010-08-26	2010-03-01	2010-08-26	low	BCD-201|BYL-719|GME-751|GME751|HLX17|MK-1308A|MK-3475A|MK3475|QL2107|RPH-075|RPH075|SB-27|SB27|SCH-9000475|SCH-900475|SCH900475
elacestrant	elacestrant|orserdu	elacestrant|orserdu	1	2023-01-27	2023-01-27	ASYM-122762|ER-306323	ASYM-122762:ctgov:strong|ER-306323:ctgov:strong	ASYM-122762|ER-306323	38	2015-01	NCT02338349	PHASE1	0	inn	Stemline Therapeutics, Inc.	2015-01	NCT02338349	0	2019-05-10	2015-01	2015-01	medium	ASYM-122762|ER-306323
pirtobrutinib	jaypirca|pirtobrutinib	jaypirca|pirtobrutinib	3	2023-01-27	2025-12-03	LOXO-305|LOXO305|LY3527727	LOXO-305:conf+ctgov+ctloc:strong|LOXO305:ctgov:strong|LY3527727:ctgov+ctloc:strong	LOXO-305|LOXO305|LY3527727	72	2019-03-15	NCT03740529	PHASE1;PHASE2	1	inn	Loxo Oncology, Inc.	2019-03-15	NCT03740529	0	2019-03-15	2019-03-15	2019-03-15	high	LOXO305
sacituzumab govitecan-hziy	sacituzumab govitecan|trodelvy	sacituzumab govitecan|trodelvy	2	2023-02-03	2026-06-24	AB122|GS-0132|IMMU-132|IMMU132|RO7445735|RS7SN38	AB122:ctgov:strong|GS-0132:ctgov:strong|IMMU-132:conf+ctgov+ctloc:strong|IMMU132:ctgov:strong|RO7445735:ctgov:strong|RS7SN38:ctgov:strong	AB122|GS-0132|IMMU-132|IMMU132|RO7445735|RS7SN38	164	2012-12-17	NCT01631552	PHASE1;PHASE2	1	inn	Gilead Sciences	2012-12-17	NCT01631552	0	2012-12-17	2012-12-17	2012-12-17	high	AB122|GS-0132|IMMU132|RO7445735|RS7SN38
dostarlimab-gxly	dostarlimab|jemperli	dostarlimab|jemperli	3	2023-02-09	2024-08-01	ANB011|GSK4057190|GSK4057190A|TSR-042|TSR042|WBP-285	ANB011:ctgov:strong|GSK4057190:ctgov+ctloc:strong|GSK4057190A:ctgov:strong|TSR-042:conf+ctgov:strong|TSR042:ctgov:strong|WBP-285:ctgov:strong	ANB011|GSK4057190|GSK4057190A|TSR-042|TSR042|WBP-285	99	2016-03-07	NCT02715284	PHASE1	1	inn	Tesaro, Inc.	2016-03-07	NCT02715284	0	2016-03-07	2010-03-01	2016-03-07	high	ANB011|GSK4057190A|TSR042|WBP-285
abemaciclib	abemaciclib|verzenio	abemaciclib|verzenio	1	2023-03-03	2023-03-03	LY-2835219|LY2835219|RO7071651|VERU-024	LY-2835219:ctgov:strong|LY2835219:ctgov:strong|RO7071651:ctgov:strong|VERU-024:ctgov:strong	LY-2835219|LY2835219|RO7071651|VERU-024	228	2009-12-07	NCT01394016	PHASE1	1	inn	Eli Lilly and Company	2009-12-07	NCT01394016	0	2009-12-07	2009-12-07	2009-12-07	high	LY-2835219|LY2835219|RO7071651|VERU-024
dabrafenib	dabrafenib|tafinlar	dabrafenib|tafinlar	1	2023-03-16	2023-03-16	DRB436|GSK-2118436|GSK-2118436A|GSK2118436|GSK2118436A|GSK2118436B|NSC-763760	DRB436:ctgov:strong|GSK-2118436:ctgov:strong|GSK-2118436A:ctgov:strong|GSK2118436:ctgov:strong|GSK2118436A:ctgov:strong|GSK2118436B:ctgov:strong|NSC-763760:ctgov:strong	DRB436|GSK-2118436|GSK-2118436A|GSK2118436|GSK2118436A|GSK2118436B|NSC-763760	146	2009-06-04	NCT00880321	PHASE1	1	code	GlaxoSmithKline	2011-02	NCT01266967	20	2009-06-04	2009-06-04	2011-02	high	DRB436|GSK-2118436|GSK-2118436A|GSK2118436|GSK2118436A|GSK2118436B|NSC-763760
retifanlimab-dlwr	retifanlimab	retifanlimab	2	2023-03-22	2025-05-15	INCMGA-00012|INCMGA-0012|INCMGA00012|INCMGA0012|MGA-012|MGA012	INCMGA-00012:ctgov:strong|INCMGA-0012:ctgov:strong|INCMGA00012:conf+ctgov:strong|INCMGA0012:ctgov:strong|MGA-012:ctgov:strong|MGA012:ctgov:strong	INCMGA-00012|INCMGA-0012|INCMGA00012|INCMGA0012|MGA-012|MGA012	69	2015-02-27	NCT02393248	PHASE1;PHASE2	0	inn	Incyte Corporation	2015-02-27	NCT02393248	0	2015-07	2015-02-27	2015-02-27	medium	INCMGA-00012|INCMGA-0012|INCMGA0012|MGA-012|MGA012
enfortumab vedotin-ejfv	enfortumab|enfortumab vedotin|padcev	enfortumab|padcev	2	2023-04-03	2023-12-15	AGS-22ME|ASG-22CE|ASG-22ME|ASG22CE|ASP7465	AGS-22ME:ctgov:strong|ASG-22CE:ctgov:strong|ASG-22ME:ctgov:strong|ASG22CE:ctgov:strong|ASP7465:ctgov:strong	AGS-22ME|ASG-22CE|ASG-22ME|ASG22CE|ASP7465	74	2011-07-11	NCT01409135	PHASE1	1	code	Astellas Pharma Inc	2014-05-14	NCT02091999	34	2011-07-11	2011-07-11	2014-05-14	high	AGS-22ME|ASG-22CE|ASG-22ME|ASG22CE|ASP7465
omidubicel-onlv	omidubicel|omisirge	omidubicel|omisirge	1	2023-04-17	2023-04-17				3	2016-12-16	NCT02730299	PHASE3	1	inn	Gamida Cell ltd	2016-12-16	NCT02730299	0	2016-12-16	2016-12-16	2016-12-16	low	
polatuzumab vedotin-piiq	polatuzumab|polatuzumab vedotin|polivy	polatuzumab|polivy	1	2023-04-19	2023-04-19	DCDS4501A|DCDS4501S|FCU-2711|FCU2711|RG-7596|RG7596|RO5541077	DCDS4501A:ctgov:strong|DCDS4501S:ctgov:strong|FCU-2711:ctgov:strong|FCU2711:ctgov:strong|RG-7596:ctgov:strong|RG7596:ctgov:strong|RO5541077:ctgov:strong	DCDS4501A|DCDS4501S|FCU-2711|FCU2711|RG-7596|RG7596|RO5541077	89	2011-03-22	NCT01290549	PHASE1	1	inn	Genentech, Inc.	2011-03-22	NCT01290549	0	2011-03-22	2011-03-22	2011-03-22	high	DCDS4501A|DCDS4501S|FCU-2711|FCU2711|RG-7596|RG7596|RO5541077
epcoritamab-bysp	epcoritamab|epkinly	epcoritamab|epkinly	3	2023-05-19	2025-11-18	GEN-3013|GEN3013	GEN-3013:ctgov:strong|GEN3013:conf+ctgov:strong	GEN-3013|GEN3013	57	2018-06-26	NCT03625037	PHASE1;PHASE2	1	inn	Genmab	2018-06-26	NCT03625037	0	2018-06-26	2018-06-26	2018-06-26	high	GEN-3013
olaparib	lynparza|olaparib	lynparza|olaparib	1	2023-05-31	2023-05-31	AZD-2281|AZD2281|DWC202510|DWZ2501|KU-0059436|KU-0059736|KU0059436|MEDI4736|MK-7339|NSC-747856	AZD-2281:ctgov:strong|AZD2281:conf+ctgov+ctloc:strong|DWC202510:ctloc:strong|DWZ2501:ctloc:strong|KU-0059436:ctgov:strong|KU-0059736:ctgov:strong|KU0059436:ctgov:strong|MEDI4736:ctgov:conflict|MK-7339:ctgov:strong|NSC-747856:ctgov:strong	AZD-2281|AZD2281|DWC202510|DWZ2501|KU-0059436|KU-0059736|KU0059436|MK-7339|NSC-747856	327	2005-07-11	NCT00516373	PHASE1	1	inn	AstraZeneca	2005-07-11	NCT00516373	0	2005-07-11	2005-07-11	2005-07-11	high	AZD-2281|KU-0059436|KU-0059736|KU0059436|MK-7339|NSC-747856
glofitamab-gxbm	columvi|glofitamab	columvi|glofitamab	1	2023-06-15	2023-06-15	RG6026|RO-7082859|RO7082859	RG6026:ctgov:strong|RO-7082859:ctgov:strong|RO7082859:ctgov:strong	RG6026|RO-7082859|RO7082859	84	2017-02-21	NCT03075696	PHASE1;PHASE2	1	inn	Hoffmann-La Roche	2017-02-21	NCT03075696	0	2017-02-21	2017-02-21	2017-02-21	high	RG6026|RO-7082859|RO7082859
talazoparib	talazoparib|talzenna	talazoparib|talzenna	1	2023-06-20	2023-06-20	BMN-673|BMN673|MDV3800	BMN-673:conf+ctgov:strong|BMN673:ctgov:strong|MDV3800:ctgov:strong	BMN-673|BMN673|MDV3800	107	2011-01-03	NCT01286987	PHASE1	1	inn	Pfizer	2011-01-03	NCT01286987	0	2011-01-03	2010-03-01	2011-01-03	high	BMN673|MDV3800
quizartinib	quizartinib|vanflyta	quizartinib|vanflyta	1	2023-07-20	2023-07-20	ASP2689	ASP2689:ctgov:strong	ASP2689	38	2007-01	NCT00462761	PHASE1	0	inn	Daiichi Sankyo	2007-01	NCT00462761	0	2011-10	2007-01	2007-01	medium	ASP2689
trifluridine and tipiracil	lonsurf|tipiracil|trifluridine|trifluridine and|trifluridine and tipiracil	lonsurf|tipiracil|trifluridine	1	2023-08-02	2023-08-02	TAS-102|TAS102	TAS-102:conf+ctgov+ctloc:strong|TAS102:ctgov:strong	TAS-102|TAS102	181	2012-06-17	NCT01607957	PHASE3	1	code	Taiho Oncology, Inc.	2013-05	NCT01867866	11	2012-06-17	2012-06-17	2012-06-17	low	TAS102
talquetamab-tgvs	talquetamab|talvey	talquetamab|talvey	1	2023-08-09	2023-08-09				38	2017-12-16	NCT03399799	PHASE1	1	inn	Janssen Research & Development, LLC	2017-12-16	NCT03399799	0	2017-12-16	2017-12-16	2017-12-16	high	
pralsetinib	gavreto|pralsetinib	gavreto|pralsetinib	1	2023-08-09	2023-08-09	BLU-667|BLU667|RG6396|RO7499790	BLU-667:conf+ctgov:strong|BLU667:conf:strong|RG6396:ctgov:strong|RO7499790:ctgov:strong	BLU-667|BLU667|RG6396|RO7499790	14	2017-03-17	NCT03037385	PHASE1;PHASE2	1	inn	Hoffmann-La Roche	2017-03-17	NCT03037385	0	2017-03-17	2017-03-17	2017-03-17	high	RG6396|RO7499790
niraparib	abiraterone|abiraterone acetate|akeega|niraparib	abiraterone|akeega|niraparib	2	2023-08-11	2025-12-12	BR9004|CB-7598|CB-7630|CB7598|CB7630|GSK3985771|JNJ-212082|JNJ-589485|JNJ21208|MK-4827|MK4827|PRL-02|ZL-2306	BR9004:ctgov:strong|CB-7598:ctgov:strong|CB-7630:ctgov:strong|CB7598:ctgov:strong|CB7630:ctgov:strong|GSK3985771:ctgov:strong|JNJ-212082:ctgov:strong|JNJ-589485:ctgov:strong|JNJ21208:ctgov:strong|MK-4827:ctgov:strong|MK4827:ctgov:strong|PRL-02:conf:strong|ZL-2306:ctgov:strong	BR9004|CB-7598|CB-7630|CB7598|CB7630|GSK3985771|JNJ-212082|JNJ-589485|JNJ21208|MK-4827|MK4827|PRL-02|ZL-2306	479	2005-11	NCT00473512	PHASE1;PHASE2	1	inn	Cougar Biotechnology, Inc.	2005-11	NCT00473512	0	2005-11	2005-07-08	2005-11	high	BR9004|CB-7598|CB-7630|CB7598|CB7630|GSK3985771|JNJ-212082|JNJ-589485|JNJ21208|MK-4827|MK4827|ZL-2306
HEPZATO KIT	hepzato|melphalan	hepzato|melphalan	1	2023-08-14	2023-08-14	CB-3025|NSC-008806|WR-19813	CB-3025:ctgov:strong|NSC-008806:ctgov:strong|WR-19813:ctgov:strong	CB-3025|NSC-008806|WR-19813	322	1984-11	NCT00001193	PHASE2	0	inn	National Cancer Institute (NCI)	1984-11	NCT00001193	0	1992-02	1984-11	1984-11	low	CB-3025|NSC-008806|WR-19813
elranatamab-bcmm	elranatamab|elrexfio	elranatamab|elrexfio	1	2023-08-14	2023-08-14	PF-0686313	PF-0686313:ctgov:strong	PF-0686313	43	2021-02-02	NCT04649359	PHASE2	1	inn	Pfizer	2021-02-02	NCT04649359	0	2021-02-02	2019-08-09	2021-02-02	low	PF-0686313
updated labeling for temozolomide	temodar|temozolomide|updated labeling for temozolomide	temodar|temozolomide	1	2023-09-14	2023-09-14	BDTX-1535|CCRG-81045|NSC-362856|NSC637037|RP-46161|SCH-052365|SCH-52365|SCH52365	BDTX-1535:ctgov:strong|CCRG-81045:ctgov:strong|NSC-362856:ctgov:strong|NSC637037:ctgov:strong|RP-46161:ctgov:strong|SCH-052365:ctgov:strong|SCH-52365:ctgov:strong|SCH52365:ctgov:strong	BDTX-1535|CCRG-81045|NSC-362856|NSC637037|RP-46161|SCH-052365|SCH-52365|SCH52365	547	1997-07	NCT00003062	PHASE2	1	inn	European Organisation for Research and Treatment of Cancer - EORTC	1997-07	NCT00003062	0	1997-07	1997-07	1997-07	low	BDTX-1535|CCRG-81045|NSC-362856|NSC637037|RP-46161|SCH-052365|SCH-52365|SCH52365
bosutinib	bosulif|bosutinib	bosulif|bosutinib	1	2023-09-26	2023-09-26	SKI-606	SKI-606:ctgov:strong	SKI-606	63	2004-10	NCT00195260	PHASE1	1	inn	Pfizer	2004-10	NCT00195260	0	2004-10	2004-10	2004-10	high	SKI-606
encorafenib	braftovi|encorafenib	braftovi|encorafenib	3	2023-10-11	2026-02-24	LGX-818|LGX818|ONO-7702	LGX-818:ctgov:strong|LGX818:ctgov:strong|ONO-7702:ctgov:strong	LGX-818|LGX818|ONO-7702	84	2011-09-05	NCT01436656	PHASE1	1	code	Pfizer	2013-07	NCT01777776	22	2011-09-05	2011-09-05	2013-07	high	LGX-818|LGX818|ONO-7702
nivolumab	nivolumab|opdivo	nivolumab|opdivo	7	2023-10-13	2026-03-20	ABP-206|BCD-263|BMS-936558|BMS-986213|BMS-986298|BMS936558|CMAB819|MDX-1106|MDX1106|MR2|NSC-748726|ONO-4538|ONO4538	ABP-206:ctgov:strong|BCD-263:ctgov:strong|BMS-936558:ctgov:strong|BMS-986213:ctgov:strong|BMS-986298:ctgov:strong|BMS936558:ctgov:strong|CMAB819:ctgov:strong|MDX-1106:ctgov:strong|MDX1106:ctgov:strong|MR2:ctgov:strong|NSC-748726:ctgov:strong|ONO-4538:ctgov:strong|ONO4538:ctgov:strong	ABP-206|BCD-263|BMS-936558|BMS-986213|BMS-986298|BMS936558|CMAB819|MDX-1106|MDX1106|MR2|NSC-748726|ONO-4538|ONO4538	609	2006-08	NCT00441337	PHASE1	1	inn	Bristol-Myers Squibb	2006-08	NCT00441337	0	2006-08	2006-08	2006-08	high	ABP-206|BCD-263|BMS-936558|BMS-986213|BMS-986298|BMS936558|CMAB819|MDX-1106|MDX1106|MR2|NSC-748726|ONO-4538|ONO4538
entrectinib	entrectinib|rozlytrek	entrectinib|rozlytrek	1	2023-10-20	2023-10-20	RG6268|RO7102122|RXDX-101|RXDX101	RG6268:ctgov:strong|RO7102122:ctgov:strong|RXDX-101:ctgov:strong|RXDX101:ctgov:strong	RG6268|RO7102122|RXDX-101|RXDX101	35	2014-07-28	NCT02097810	PHASE1	1	inn	Hoffmann-La Roche	2014-07-28	NCT02097810	0	2014-07-28	2014-07-28	2014-07-28	high	RG6268|RO7102122|RXDX-101|RXDX101
ivosidenib	ivosidenib|tibsovo	ivosidenib|tibsovo	1	2023-10-24	2023-10-24	AG-120|AG120|AK112	AG-120:conf+ctgov:strong|AG120:ctgov:strong|AK112:ctgov+ctloc:strong	AG-120|AG120|AK112	162	2014-03-01	NCT02074839	PHASE1	1	code	Institut de Recherches Internationales Servier	2017-02-20	NCT02989857	35	2014-03-01	2010-03-01	2014-03-01	high	AG120
toripalimab-tpzi	loqtorz|toripalimab	loqtorz|toripalimab	1	2023-10-27	2023-10-27	BMS-936558|CHS-007|JS-001|JS001|MDX1106|QL1706|SO-001|TAB-001|TAB001	BMS-936558:ctgov:rejected|CHS-007:ctgov:strong|JS-001:ctgov:strong|JS001:ctgov+ctloc:strong|MDX1106:ctgov:rejected|QL1706:ctgov+ctloc:strong|SO-001:ctgov:strong|TAB-001:ctgov:strong|TAB001:ctgov:strong	CHS-007|JS-001|JS001|QL1706|SO-001|TAB-001|TAB001	526	2016-03	NCT02857166	PHASE1	1	inn	Shanghai Junshi Bioscience Co., Ltd.	2016-03	NCT02857166	0	2016-03	2016-03	2016-03	high	CHS-007|JS-001|SO-001|TAB-001|TAB001
fruquintinib	fruquintinib|fruzaqla	fruquintinib|fruzaqla	1	2023-11-08	2023-11-08	CVL218|HLX10|HMP-013|HMPL-013	CVL218:ctgov:strong|HLX10:ctgov:strong|HMP-013:ctgov:strong|HMPL-013:ctgov:strong	CVL218|HLX10|HMP-013|HMPL-013	225	2011-01	NCT01645215	PHASE1	1	inn	Hutchison Medipharma Limited	2011-01	NCT01645215	0	2011-01	2011-01	2011-01	high	CVL218|HLX10|HMP-013|HMPL-013
repotrectinib	augtyro|repotrectinib	augtyro|repotrectinib	2	2023-11-15	2024-06-13	BMS-986472|TPX-0005	BMS-986472:ctgov:strong|TPX-0005:ctgov+ctloc:strong	BMS-986472|TPX-0005	14	2017-03-07	NCT03093116	PHASE1;PHASE2	1	inn	Turning Point Therapeutics, Inc.	2017-03-07	NCT03093116	0	2017-03-07	2017-03-07	2017-03-07	high	BMS-986472
enzalutamide	enzalutamide|xtandi	enzalutamide|xtandi	1	2023-11-16	2023-11-16	ANZUP-1901|ASP-9785|ASP9785|MDV-3100|MDV3100	ANZUP-1901:ctgov:strong|ASP-9785:ctgov:strong|ASP9785:ctgov:strong|MDV-3100:ctgov:strong|MDV3100:ctgov:strong	ANZUP-1901|ASP-9785|ASP9785|MDV-3100|MDV3100	295	2007-07-23	NCT00510718	PHASE1	1	inn	Pfizer	2007-07-23	NCT00510718	0	2007-07-23	2005-07-08	2007-07-23	high	ANZUP-1901|ASP-9785|ASP9785|MDV-3100|MDV3100
capivasertib	capivasertib|truqap	capivasertib|truqap	2	2023-11-16	2026-06-12	AZD-5363|AZD5363	AZD-5363:ctgov:strong|AZD5363:conf+ctgov:strong	AZD-5363|AZD5363	63	2010-12-01	NCT01226316	PHASE1	1	code	AstraZeneca	2014-05-14	NCT02423603	41	2010-12-01	2010-12-01	2010-12-01	high	AZD-5363
nirogacestat	nirogacestat|ogsiveo	nirogacestat|ogsiveo	1	2023-11-27	2023-11-27				21	2019-04-17	NCT03785964	PHASE3	1	inn	SpringWorks Therapeutics, Inc., a healthcare company of Merck KGaA, Darmstadt, Germany	2019-04-17	NCT03785964	0	2019-04-17	2019-04-17	2019-04-17	low	
eflornithine	eflornithine|iwilfin	eflornithine|iwilfin	1	2023-12-13	2023-12-13	CPP-1X|MDL-71782|MDL71782|RMI-71782|RMI71782	CPP-1X:ctgov:strong|MDL-71782:ctgov:strong|MDL71782:ctgov:strong|RMI-71782:ctgov:strong|RMI71782:ctgov:strong	CPP-1X|MDL-71782|MDL71782|RMI-71782|RMI71782	43	1995-10	NCT00003076	PHASE2	1	inn	University of Michigan Rogel Cancer Center	1995-10	NCT00003076	0	1995-10	1995-10	1995-10	low	CPP-1X|MDL-71782|MDL71782|RMI-71782|RMI71782
belzutifan	belzutifan|welireg	belzutifan|welireg	3	2023-12-14	2026-06-12	MK-6482|PT2977	MK-6482:conf+ctgov+ctloc:strong|PT2977:ctgov:strong	MK-6482|PT2977	39	2014-11-25	NCT02293980	PHASE1	0	code	Peloton Therapeutics, Inc., a subsidiary of Merck & Co., Inc. (Rahway, New Jersey USA)	2016-12-07	NCT02974738	25	2016-12-07	2014-11-25	2014-11-25	medium	PT2977
erdafitinib	balversa|erdafitinib	balversa|erdafitinib	1	2024-01-19	2024-01-19				34	2015-04-22	NCT02365597	PHASE2	1	inn	Janssen Research & Development, LLC	2015-04-22	NCT02365597	0	2015-04-22	2015-04-22	2015-04-22	low	
irinotecan liposome	irinotecan liposome|onivyde	irinotecan liposome|onivyde	1	2024-02-13	2024-02-13	BAX2398|IHL-305|MM-398|PEP02	BAX2398:ctgov:strong|IHL-305:ctgov:strong|MM-398:ctgov:strong|PEP02:ctgov:strong	BAX2398|IHL-305|MM-398|PEP02	112	1998-09-09	NCT00062842	PHASE1	0	inn	Baylor College of Medicine	1998-09-09	NCT00062842	0	2006-01	1998-09-09	1998-09-09	medium	BAX2398|IHL-305|MM-398|PEP02
tepotinib	tepmetko|tepotinib	tepmetko|tepotinib	1	2024-02-15	2024-02-15	EMD-1214063|EMD1214063|MSC-2156119|MSC-2156119J|MSC2156119|MSC2156119J	EMD-1214063:ctgov:strong|EMD1214063:ctgov:strong|MSC-2156119:ctgov:strong|MSC-2156119J:ctgov:strong|MSC2156119:ctgov:strong|MSC2156119J:ctgov:strong	EMD-1214063|EMD1214063|MSC-2156119|MSC-2156119J|MSC2156119|MSC2156119J	30	2009-11-30	NCT01014936	PHASE1	1	inn	EMD Serono	2009-11-30	NCT01014936	0	2009-11-30	2009-11-30	2009-11-30	high	EMD-1214063|EMD1214063|MSC-2156119|MSC-2156119J|MSC2156119|MSC2156119J
osimertinib	osimertinib|tagrisso	osimertinib|tagrisso	2	2024-02-16	2024-09-25	AZD-9291|AZD9291|JMT101|TAGRISSO-80MG|TOP-1901	AZD-9291:ctgov:strong|AZD9291:conf+ctgov:strong|JMT101:ctgov:strong|TAGRISSO-80MG:ctgov:rejected|TOP-1901:ctgov:strong	AZD-9291|AZD9291|JMT101|TOP-1901	258	2013-03-04	NCT01802632	PHASE1;PHASE2	1	code	AstraZeneca	2014-01-15	NCT02099058	10	2013-03-04	2013-03-04	2013-03-04	high	AZD-9291|JMT101|TOP-1901
lifileucel	amtagvi|lifileucel	amtagvi|lifileucel	1	2024-02-16	2024-02-16	LN-144|LN-145	LN-144:conf+ctgov:strong|LN-145:ctgov:strong	LN-144|LN-145	22	2015-09-24	NCT02360579	PHASE2	1	inn	Iovance Biotherapeutics, Inc.	2015-09-24	NCT02360579	0	2015-09-24	2015-09-24	2015-09-24	low	LN-145
amivantamab-vmjw	amivantamab|rybrevant	amivantamab|rybrevant	3	2024-03-01	2025-12-17	CNTO-4424|JNJ-372|JNJ-611|JNJ6372	CNTO-4424:ctgov:strong|JNJ-372:ctgov:strong|JNJ-611:ctgov:strong|JNJ6372:conf:rejected	CNTO-4424|JNJ-372|JNJ-611	44	2016-05-24	NCT02609776	PHASE1	1	inn	Janssen Research & Development, LLC	2016-05-24	NCT02609776	0	2016-05-24	2016-05-24	2016-05-24	high	CNTO-4424|JNJ-372|JNJ-611
inotuzumab ozogamicin	besponsa|inotuzumab ozogamicin	besponsa|inotuzumab ozogamicin	1	2024-03-06	2024-03-06	CMC-544|CMC544|NSC-772518|WAY-207294	CMC-544:ctgov:strong|CMC544:ctgov:strong|NSC-772518:ctgov:strong|WAY-207294:ctgov:strong	CMC-544|CMC544|NSC-772518|WAY-207294	61	2003-08	NCT00073749	PHASE1	1	inn	Pfizer	2003-08	NCT00073749	0	2003-08	2003-08	2003-08	high	CMC-544|CMC544|NSC-772518|WAY-207294
ponatinib	iclusig|ponatinib	iclusig|ponatinib	1	2024-03-19	2024-03-19	AP-24534|AP24534	AP-24534:ctgov:strong|AP24534:ctgov:strong	AP-24534|AP24534	60	2008-06	NCT00660920	PHASE1	1	inn	Ariad Pharmaceuticals	2008-06	NCT00660920	0	2008-06	2008-06	2008-06	high	AP-24534|AP24534
fluorouracil	fluorouracil	fluorouracil	1	2024-03-21	2024-03-21	NSC-19893	NSC-19893:ctgov:strong	NSC-19893	261	1977-09	NCT00427570	PHASE3	1	inn	NSABP Foundation Inc	1977-09	NCT00427570	0	1977-09	1977-09	1977-09	low	NSC-19893
mirvetuximab soravtansine-gynx	elahere|mirvetuximab soravtansine	elahere|mirvetuximab soravtansine	1	2024-03-22	2024-03-22	IGN853|IMG853|IMGN853|TAK-853	IGN853:ctgov:strong|IMG853:ctgov:strong|IMGN853:conf+ctgov:strong|TAK-853:ctgov:strong	IGN853|IMG853|IMGN853|TAK-853	27	2012-06-28	NCT01609556	PHASE1	1	inn	ImmunoGen, Inc.	2012-06-28	NCT01609556	0	2012-06-28	2012-06-28	2012-06-28	high	IGN853|IMG853|TAK-853
fam-trastuzumab deruxtecan-nxki	enhertu|fam trastuzumab deruxtecan|trastuzumab deruxtecan	enhertu|trastuzumab deruxtecan	4	2024-04-05	2026-05-15	DS-8201|DS-8201A|DS-8210|DS8201|DS8201A	DS-8201:ctgov:strong|DS-8201A:conf+ctgov+ctloc:strong|DS-8210:ctgov:strong|DS8201:ctgov:strong|DS8201A:ctgov:strong	DS-8201|DS-8201A|DS-8210|DS8201|DS8201A	145	2015-09-01	NCT02564900	PHASE1	1	code	Daiichi Sankyo Co., Ltd.	2017-12-18	NCT03334617	27	2015-09-01	2015-09-01	2015-09-01	high	DS-8201|DS-8210|DS8201|DS8201A
alectinib	alecensa|alectinib	alecensa|alectinib	1	2024-04-18	2024-04-18	AF-802|AF802|CH-5424802|CH5424802|RG-7853|RG7853|RO-5424802|RO5424802|RO5452802	AF-802:ctgov:strong|AF802:ctgov:strong|CH-5424802:ctgov:strong|CH5424802:ctgov:strong|RG-7853:ctgov:strong|RG7853:ctgov:strong|RO-5424802:ctgov:strong|RO5424802:ctgov:strong|RO5452802:ctgov:strong	AF-802|AF802|CH-5424802|CH5424802|RG-7853|RG7853|RO-5424802|RO5424802|RO5452802	61	2013-06-20	NCT01801111	PHASE1;PHASE2	1	inn	Hoffmann-La Roche	2013-06-20	NCT01801111	0	2013-06-20	2013-06-20	2013-06-20	high	AF-802|AF802|CH-5424802|CH5424802|RG-7853|RG7853|RO-5424802|RO5424802|RO5452802
nogapendekin alfa inbakicept-pmln	anktiva|nogapendekin inbakicept	anktiva|nogapendekin inbakicept	1	2024-04-22	2024-04-22				13	2020-06-09	NCT04247282	PHASE1;PHASE2	0	inn	National Cancer Institute (NCI)	2020-06-09	NCT04247282	0	2024-02-16	2018-05-01	2020-06-09	medium	
tovorafenib	ojemda|tovorafenib	ojemda|tovorafenib	1	2024-04-23	2024-04-23	AMG-2112819|BIIB-024|BIIB024|BSK1369|MLN-2480|MLN2480|TAK-580|TAK580	AMG-2112819:ctgov:strong|BIIB-024:ctgov:strong|BIIB024:ctgov:strong|BSK1369:ctgov:strong|MLN-2480:ctgov:strong|MLN2480:ctgov:strong|TAK-580:ctgov:strong|TAK580:ctgov:strong	AMG-2112819|BIIB-024|BIIB024|BSK1369|MLN-2480|MLN2480|TAK-580|TAK580	14	2011-09-15	NCT01425008	PHASE1	1	code	Millennium Pharmaceuticals, Inc.	2021-04-22	NCT04775485	115	2011-09-15	2011-09-15	2021-04-22	high	AMG-2112819|BIIB-024|BIIB024|BSK1369|MLN-2480|MLN2480|TAK-580|TAK580
lutathera	lutathera|lutetium lu 177 dotatate	lutathera|lutetium lu 177 dotatate	1	2024-04-23	2024-04-23	AAA601	AAA601:ctgov:strong	AAA601	42	2012-09-06	NCT01578239	PHASE3	0	inn	Advanced Accelerator Applications	2012-09-06	NCT01578239	0	2020-01-08	2012-09-06	2012-09-06	low	AAA601
tisotumab vedotin-tftv	tisotumab|tisotumab vedotin|tivdak	tisotumab|tivdak	1	2024-04-29	2024-04-29				13	2013-11-30	NCT02001623	PHASE1;PHASE2	1	inn	Seagen Inc.	2013-11-30	NCT02001623	0	2013-11-30	2013-11-30	2013-11-30	high	
lisocabtagene maraleucel	breyanzi|lisocabtagene maraleucel	breyanzi|lisocabtagene maraleucel	3	2024-05-15	2025-12-04	BMS-986387|JCAR-017|JCAR017	BMS-986387:ctgov:strong|JCAR-017:ctgov:strong|JCAR017:ctgov:strong	BMS-986387|JCAR-017|JCAR017	26	2016-01-06	NCT02631044	PHASE1	1	inn	Juno Therapeutics, a Subsidiary of Celgene	2016-01-06	NCT02631044	0	2016-01-06	2016-01-06	2016-01-06	high	BMS-986387|JCAR-017|JCAR017
tarlatamab-dlle	imdelltra|tarlatamab	imdelltra|tarlatamab	2	2024-05-16	2025-11-19	AMG-757|AMG757	AMG-757:ctgov+ctloc:strong|AMG757:ctgov+ctloc:strong	AMG-757|AMG757	37	2017-12-26	NCT03319940	PHASE1	1	inn	Amgen	2017-12-26	NCT03319940	0	2017-12-26	2017-12-26	2017-12-26	high	
selpercatinib	retevmo|selpercatinib	retevmo|selpercatinib	4	2024-05-29	2026-07-14	LOXO-292|LOXO292|LY3527723	LOXO-292:conf+ctgov:strong|LOXO292:ctgov:strong|LY3527723:conf+ctgov:strong	LOXO-292|LOXO292|LY3527723	34	2017-05-02	NCT03157128	PHASE1;PHASE2	1	inn	Eli Lilly and Company	2017-05-02	NCT03157128	0	2017-05-02	2016-08	2017-05-02	high	LOXO292
imetelstat	imetelstat|rytelo	imetelstat|rytelo	1	2024-06-06	2024-06-06	GRN-163L|GRN163L	GRN-163L:ctgov:strong|GRN163L:ctgov:strong	GRN-163L|GRN163L	25	2005-07	NCT00124189	PHASE1	1	code	Geron Corporation	2006-03	NCT00310895	8	2005-07	2005-07	2006-03	high	GRN-163L|GRN163L
blinatumomab	blinatumomab|blincyto	blinatumomab|blincyto	1	2024-06-14	2024-06-14	AMG-103|AMG103|MEDI-538|MEDI538|MT-103|MT103	AMG-103:ctgov:strong|AMG103:ctgov:strong|MEDI-538:ctgov:strong|MEDI538:ctgov:strong|MT-103:ctgov:strong|MT103:ctgov:strong	AMG-103|AMG103|MEDI-538|MEDI538|MT-103|MT103	163	2004-06	NCT00274742	PHASE1	1	inn	Amgen Research (Munich) GmbH	2004-06	NCT00274742	0	2004-06	2004-06	2004-06	high	AMG-103|AMG103|MEDI-538|MEDI538|MT-103|MT103
durvalumab	durvalumab|imfinzi	durvalumab|imfinzi	6	2024-06-14	2026-05-28	MEDI-4736|MEDI4736|NSC-778709	MEDI-4736:conf+ctgov:strong|MEDI4736:conf+ctgov+ctloc:strong|NSC-778709:ctgov:strong	MEDI-4736|MEDI4736|NSC-778709	364	2012-09-05	NCT01693562	PHASE1;PHASE2	1	inn	MedImmune LLC	2012-09-05	NCT01693562	0	2012-09-05	2010-03-01	2012-09-05	high	NSC-778709
adagrasib	adagrasib	adagrasib	1	2024-06-21	2024-06-21	BMS-986503|MRTX-849|MRTX849	BMS-986503:ctgov:strong|MRTX-849:conf+ctgov:strong|MRTX849:conf+ctgov+ctloc:strong	BMS-986503|MRTX-849|MRTX849	37	2019-01-15	NCT03785249	PHASE1;PHASE2	1	code	Mirati Therapeutics Inc.	2019-10-17	NCT03994796	9	2019-01-15	2019-01-15	2019-01-15	high	BMS-986503
daratumumab and hyaluronidase-fihj	daratumumab|daratumumab and|daratumumab and hyaluronidase|darzalex|darzalex faspro	daratumumab|darzalex	4	2024-07-30	2026-01-27	HLX15	HLX15:ctgov:strong	HLX15	297	2008-03-26	NCT00574288	PHASE2	1	inn	Janssen Research & Development, LLC	2008-03-26	NCT00574288	0	2008-03-26	2008-03-26	2008-03-26	low	HLX15
afamitresgene autoleucel	afamitresgene autoleucel|tecelra	afamitresgene autoleucel|tecelra	1	2024-08-02	2024-08-02				2	2019-08-13	NCT04044768	PHASE2	0	inn	USWM CT, LLC	2019-08-13	NCT04044768	0	2023-09-01	2019-08-13	2019-08-13	low	
vorasidenib	voranigo|vorasidenib	voranigo|vorasidenib	1	2024-08-06	2024-08-06	AG-881|AG881	AG-881:ctgov+ctloc:strong|AG881:ctgov:strong	AG-881|AG881	23	2015-06	NCT02481154	PHASE1	1	code	Institut de Recherches Internationales Servier	2019-10-02	NCT04145128	52	2015-06	2015-06	2015-06	high	AG881
axatilimab-csfr	axatilimab|niktimvo	axatilimab|niktimvo	1	2024-08-14	2024-08-14	INCA-034176|INCA-34176|INCA034176|INCA34176|SNDX-6352|SNDX6352|SNDX6532|UCB6352	INCA-034176:ctgov:strong|INCA-34176:ctgov:strong|INCA034176:ctgov:strong|INCA34176:ctgov:strong|SNDX-6352:conf+ctgov+ctloc:strong|SNDX6352:ctgov:strong|SNDX6532:ctgov:strong|UCB6352:ctgov:strong	INCA-034176|INCA-34176|INCA034176|INCA34176|SNDX-6352|SNDX6352|SNDX6532|UCB6352	26	2017-09-01	NCT03238027	PHASE1	1	inn	Syndax Pharmaceuticals	2017-09-01	NCT03238027	0	2017-09-01	2017-09-01	2017-09-01	high	INCA-034176|INCA-34176|INCA034176|INCA34176|SNDX6352|SNDX6532|UCB6352
lazertinib	lazcluze|lazertinib	lazcluze|lazertinib	1	2024-08-19	2024-08-19	YH-25448|YH25448	YH-25448:ctgov:strong|YH25448:ctgov:strong	YH-25448|YH25448	39	2016-05-24	NCT02609776	PHASE1	0	inn	Janssen Research & Development, LLC	2016-05-24	NCT02609776	0	2017-02-15	2016-05-24	2016-05-24	medium	YH-25448|YH25448
atezolizumab and hyaluronidase-tqjs	atezolizumab|atezolizumab and|atezolizumab and hyaluronidase|tecentriq|tecentriq hybreza	atezolizumab|tecentriq	2	2024-09-12	2026-05-15	MDPL3280A|MPDL-3280A|MPDL-328OA|MPDL3280|MPDL3280A|MPDL328OA|RG-7446|RG7446|RO-5541267|RO5541267|RO7538483	MDPL3280A:ctgov:strong|MPDL-3280A:ctgov:strong|MPDL-328OA:ctgov:strong|MPDL3280:ctgov:strong|MPDL3280A:ctgov:strong|MPDL328OA:ctgov:strong|RG-7446:ctgov:strong|RG7446:ctgov:strong|RO-5541267:ctgov:strong|RO5541267:ctgov:strong|RO7538483:ctgov:strong	MDPL3280A|MPDL-3280A|MPDL-328OA|MPDL3280|MPDL3280A|MPDL328OA|RG-7446|RG7446|RO-5541267|RO5541267|RO7538483	385	2008-10-16	NCT00781612	PHASE2	0	inn	Genentech, Inc.	2008-10-16	NCT00781612	0	2011-06-21	2008-10-16	2008-10-16	low	MDPL3280A|MPDL-3280A|MPDL-328OA|MPDL3280|MPDL3280A|MPDL328OA|RG-7446|RG7446|RO-5541267|RO5541267|RO7538483
ribociclib	kisqali|ribociclib	kisqali|ribociclib	1	2024-09-17	2024-09-17	LEE-011|LEE011|RO7072612	LEE-011:ctgov:strong|LEE011:ctgov:strong|RO7072612:ctgov:strong	LEE-011|LEE011|RO7072612	177	2010-12-21	NCT01237236	PHASE1	1	code	Novartis Pharmaceuticals	2013-07	NCT01777776	31	2010-12-21	2010-12-21	2013-07	high	LEE-011|LEE011|RO7072612
isatuximab-irfc	isatuximab|sarclisa	isatuximab|sarclisa	2	2024-09-20	2026-07-09	HU-38SB19|SAR-650984|SAR650984	HU-38SB19:ctgov:rejected|SAR-650984:ctgov:strong|SAR650984:ctgov:strong	SAR-650984|SAR650984	100	2010-05-11	NCT01084252	PHASE1;PHASE2	1	inn	Sanofi	2010-05-11	NCT01084252	0	2010-05-11	2010-05-11	2010-05-11	high	SAR-650984|SAR650984
inavolisib	inavolisib|itovebi	inavolisib|itovebi	1	2024-10-10	2024-10-10	GDC-0077|RG6114|RO7113755	GDC-0077:ctgov:strong|RG6114:ctgov:strong|RO7113755:ctgov:strong	GDC-0077|RG6114|RO7113755	32	2016-12-13	NCT03006172	PHASE1	1	inn	Genentech, Inc.	2016-12-13	NCT03006172	0	2016-12-13	2016-12-13	2016-12-13	high	GDC-0077|RG6114|RO7113755
zolbetuximab-clzb	zolbetuximab	zolbetuximab	1	2024-10-18	2024-10-18	IMAB362	IMAB362:conf+ctgov:strong	IMAB362	19	2010-09-03	NCT01197885	PHASE2	1	code	Ganymed Pharmaceuticals GmbH	2012-07-19	NCT01630083	22	2010-09-03	2010-09-03	2010-09-03	low	
asciminib	asciminib|scemblix	asciminib|scemblix	1	2024-10-29	2024-10-29	ABL-001|ABL001	ABL-001:ctgov:strong|ABL001:ctgov:strong	ABL-001|ABL001	38	2014-04-24	NCT02081378	PHASE1	1	inn	Novartis Pharmaceuticals	2014-04-24	NCT02081378	0	2014-04-24	2014-04-24	2014-04-24	high	ABL-001|ABL001
obecabtagene autoleucel	aucatzyl|obecabtagene autoleucel	aucatzyl|obecabtagene autoleucel	1	2024-11-08	2024-11-08	AUTO1	AUTO1:conf+ctgov:strong	AUTO1	7	2020-06-03	NCT04404660	PHASE1;PHASE2	1	inn	Autolus Limited	2020-06-03	NCT04404660	0	2020-06-03	2020-06-03	2020-06-03	high	
revumenib	revuforj|revumenib	revuforj|revumenib	2	2024-11-15	2025-10-24	SNDX-5613|SNDX5613	SNDX-5613:conf+ctgov+ctloc:strong|SNDX5613:ctgov:strong	SNDX-5613|SNDX5613	26	2019-11-05	NCT04065399	PHASE1;PHASE2	1	inn	Syndax Pharmaceuticals	2019-11-05	NCT04065399	0	2019-11-05	2016-11	2019-11-05	high	SNDX5613
fludarabine phosphate	fludarabine|fludarabine phosphate|fludarabine phosphate injection	fludarabine	1	2024-11-19	2024-11-19				323	1994-01	NCT00140569	PHASE3	0	inn	Lymphoma Study Association	1994-01	NCT00140569	0	1995-06	1994-01	1994-01	low	
zanidatamab-hrii	zanidatamab|ziihera	zanidatamab|ziihera	2	2024-11-20	2026-08-25	JZP598|ZW25	JZP598:ctgov:strong|ZW25:ctgov:strong	JZP598|ZW25	32	2016-09-30	NCT02892123	PHASE1	1	inn	Jazz Pharmaceuticals	2016-09-30	NCT02892123	0	2016-09-30	2010-03-01	2016-09-30	high	JZP598|ZW25
zenocutuzumab-zbco	bizengri|zenocutuzumab	bizengri|zenocutuzumab	2	2024-12-04	2026-05-08	MCLA-128	MCLA-128:conf+ctgov:strong	MCLA-128	3	2015-01	NCT02912949	PHASE2	1	inn	Partner Therapeutics, Inc.	2015-01	NCT02912949	0	2015-01	2015-01	2015-01	low	
cosibelimab-ipdl	cosibelimab|unloxcyt	cosibelimab|unloxcyt	1	2024-12-13	2024-12-13	CK-301|TG-1501	CK-301:ctgov:strong|TG-1501:ctgov:strong	CK-301|TG-1501	6	2015-09-18	NCT02535286	PHASE1	0	code	TG Therapeutics, Inc.	2017-09-20	NCT03212404	24	2017-09-20	2015-09-18	2017-09-20	medium	CK-301|TG-1501
remestemcel-L-rknd	remestemcel|remestemcel l|ryoncil	remestemcel|ryoncil	1	2024-12-18	2024-12-18				10	2005-04-27	NCT00136903	PHASE2	0	inn	Mesoblast, Inc.	2005-04-27	NCT00136903	0	2010-11-29	2005-04-27	2005-04-27	low	
ensartinib	ensacove|ensartinib	ensacove|ensartinib	1	2024-12-18	2024-12-18				34	2012-06	NCT01625234	PHASE1;PHASE2	1	inn	Xcovery Holdings, Inc.	2012-06	NCT01625234	0	2012-06	2012-06	2012-06	high	
sotorasib	lumakras|sotorasib	lumakras|sotorasib	1	2025-01-16	2025-01-16	AMG-510|AMG510	AMG-510:conf+ctgov:strong|AMG510:conf+ctgov+ctloc:strong	AMG-510|AMG510	65	2018-08-27	NCT03600883	PHASE1;PHASE2	1	inn	Amgen	2018-08-27	NCT03600883	0	2018-08-27	2018-08-27	2018-08-27	high	
acalabrutinib	acalabrutinib|calquence	acalabrutinib|calquence	2	2025-01-16	2026-02-19	ACP-196|ACP196	ACP-196:ctgov:strong|ACP196:ctgov:strong	ACP-196|ACP196	153	2014-01-30	NCT02029443	PHASE1;PHASE2	1	inn	Acerta Pharma BV	2014-01-30	NCT02029443	0	2014-01-30	2014-01-30	2014-01-30	high	ACP-196|ACP196
datopotamab deruxtecan-dlnk	datopotamab deruxtecan|datroway	datopotamab deruxtecan|datroway	3	2025-01-17	2026-05-22	DS-1026A|DS-1062|DS-1062A|DS1062A	DS-1026A:ctgov:strong|DS-1062:ctgov:strong|DS-1062A:ctgov:strong|DS1062A:ctgov:strong	DS-1026A|DS-1062|DS-1062A|DS1062A	42	2018-01-31	NCT03401385	PHASE1	1	inn	Daiichi Sankyo Co., Ltd.	2018-01-31	NCT03401385	0	2018-01-31	2010-03-01	2018-01-31	high	DS-1026A|DS-1062|DS-1062A|DS1062A
treosulfan	grafapex|treosulfan	grafapex|treosulfan	1	2025-01-21	2025-01-21				43	2001-11	NCT01063647	PHASE1;PHASE2	1	inn	medac GmbH	2001-11	NCT01063647	0	2001-11	2001-11	2001-11	high	
capecitabine	capecitabine	capecitabine	2	2025-01-24	2026-02-05	BMS-247550|NSC-712807|RO0091978	BMS-247550:ctgov:strong|NSC-712807:ctgov:strong|RO0091978:ctgov:strong	BMS-247550|NSC-712807|RO0091978	388	1997-01	NCT01225523	PHASE1	0	inn	Xi'an Jiaotong University	1997-01	NCT01225523	0	1998-07	1997-01	1997-01	medium	BMS-247550|NSC-712807|RO0091978
brentuximab vedotin	adcetris|brentuximab|brentuximab vedotin	adcetris|brentuximab	1	2025-02-11	2025-02-11	MGCD0103|SGN-35|SGN35	MGCD0103:ctgov:strong|SGN-35:ctgov:strong|SGN35:ctgov:strong	MGCD0103|SGN-35|SGN35	193	2004-04	NCT00323934	PHASE1	1	code	Mirati Therapeutics Inc.	2006-11	NCT00430846	31	2004-04	2004-04	2006-11	high	MGCD0103|SGN-35|SGN35
mirdametinib	gomekli|mirdametinib	gomekli|mirdametinib	1	2025-02-11	2025-02-11				19	2019-05-01	NCT03905148	PHASE1	1	inn	BeiGene	2019-05-01	NCT03905148	0	2019-05-01	2019-05-01	2019-05-01	high	
vimseltinib	romvimza|vimseltinib	romvimza|vimseltinib	1	2025-02-14	2025-02-14	DCC-3014	DCC-3014:ctgov:strong	DCC-3014	8	2017-02-16	NCT03069469	PHASE1;PHASE2	1	inn	Deciphera Pharmaceuticals, LLC	2017-02-16	NCT03069469	0	2017-02-16	2017-02-16	2017-02-16	high	DCC-3014
cabozantinib	cabometyx|cabozantinib	cabometyx|cabozantinib	1	2025-03-26	2025-03-26	BMS-907351|BMS907351|EXEL-7184|XL-184|XL184|XL84	BMS-907351:ctgov:strong|BMS907351:ctgov:strong|EXEL-7184:ctgov:strong|XL-184:ctgov:strong|XL184:conf+ctgov:strong|XL84:ctgov:strong	BMS-907351|BMS907351|EXEL-7184|XL-184|XL184|XL84	253	2005-09	NCT00215605	PHASE1	1	code	Exelixis	2009-09	NCT00940225	48	2005-09	2005-09	2005-09	high	BMS-907351|BMS907351|EXEL-7184|XL-184|XL84
lutetium lu 177 vipivotide tetraxetan	lutetium lu 177 vipivotide tetraxetan|pluvicto|vipivotide tetraxetan	pluvicto|vipivotide tetraxetan	2	2025-03-28	2026-07-31	AAA-617|AAA617	AAA-617:ctgov:strong|AAA617:ctgov+ctloc:strong	AAA-617|AAA617	43	2021-06-09	NCT04720157	PHASE3	0	code	Novartis Pharmaceuticals	2022-07-08	NCT05113537	13	2023-08-14	2021-06-09	2021-06-09	low	AAA-617
penpulimab-kcqx	penpulimab	penpulimab	1	2025-04-23	2025-04-23	AK-105|AK105	AK-105:ctgov:strong|AK105:ctgov+ctloc:strong	AK-105|AK105	86	2018-01-02	NCT03352531	PHASE1	1	code	Akesobio Australia Pty Ltd	2019-05-01	NCT05809336	16	2018-01-02	2018-01-02	2018-01-02	high	AK-105
avutometinib	avmapki|avmapki fakzynja co|avutometinib|defactinib	avmapki|avutometinib|defactinib	1	2025-05-08	2025-05-08	AMG-510|CH-5126766|CH5126766|CKI-27|RG-7304|RG7304|RO5126766	AMG-510:ctgov:conflict|CH-5126766:ctgov:strong|CH5126766:ctgov:strong|CKI-27:ctgov:strong|RG-7304:ctgov:strong|RG7304:ctgov:strong|RO5126766:ctgov:strong	CH-5126766|CH5126766|CKI-27|RG-7304|RG7304|RO5126766	44	2008-11	NCT00773526	PHASE1	1	code	Hoffmann-La Roche	2013-02-26	NCT01778803	51	2008-11	2008-11	2013-02-26	high	CH-5126766|CH5126766|CKI-27|RG-7304|RG7304|RO5126766
telisotuzumab vedotin-tllv	emrelis|telisotuzumab|telisotuzumab vedotin	emrelis|telisotuzumab	1	2025-05-14	2025-05-14	ABBV-399|ABBV-400|ABT-399|ABT-700	ABBV-399:conf+ctgov+ctloc:strong|ABBV-400:ctgov:strong|ABT-399:ctgov:strong|ABT-700:conf:strong	ABBV-399|ABBV-400|ABT-399|ABT-700	27	2011-10-06	NCT01472016	PHASE1	1	code	AbbVie (prior sponsor, Abbott)	2014-01-15	NCT02099058	27	2011-10-06	2011-10-06	2011-10-06	high	ABBV-400|ABT-399
darolutamide	darolutamide|nubeqa	darolutamide|nubeqa	1	2025-06-03	2025-06-03	BAY-1841788|BAY1841788|ODM-201|ODM201	BAY-1841788:ctgov+ctloc:strong|BAY1841788:ctgov+ctloc:strong|ODM-201:conf+ctgov:strong|ODM201:ctgov:strong	BAY-1841788|BAY1841788|ODM-201|ODM201	107	2011-03	NCT01317641	PHASE1;PHASE2	1	code	Orion Corporation, Orion Pharma	2014-09-12	NCT02200614	42	2011-03	2011-03	2011-03	high	ODM201
taletrectinib	ibtrozi|taletrectinib	ibtrozi|taletrectinib	1	2025-06-11	2025-06-11	AB-106|DS-6051B	AB-106:ctgov:strong|DS-6051B:ctgov:strong	AB-106|DS-6051B	12	2014-09	NCT02279433	PHASE1	1	code	Nuvation Bio Inc.	2021-09-01	NCT04919811	84	2014-09	2014-09	2021-09-01	high	AB-106|DS-6051B
mitomycin intravesical solution	mitomycin|mitomycin intravesical solution|zusduri	mitomycin|zusduri	1	2025-06-12	2025-06-12	NSC-26980|UGN-101|UGN-102|UGN-103|UGN-104	NSC-26980:ctgov:strong|UGN-101:ctgov:strong|UGN-102:ctgov:strong|UGN-103:ctgov:strong|UGN-104:ctgov:strong	NSC-26980|UGN-101|UGN-102|UGN-103|UGN-104	242	1991-09	NCT00002490	PHASE3	0	inn	Medical Research Council	1991-09	NCT00002490	0	1992-11	1991-09	1991-09	low	NSC-26980|UGN-101|UGN-102|UGN-103|UGN-104
tafasitamab-cxix	monjuvi|tafasitamab	monjuvi|tafasitamab	1	2025-06-18	2025-06-18	INCMOR00208|MOR-00208|MOR-208|MOR00208|MOR208|XMAB-5574|XMAB5574	INCMOR00208:ctgov:strong|MOR-00208:ctgov:strong|MOR-208:ctgov:strong|MOR00208:ctgov:strong|MOR208:ctgov:strong|XMAB-5574:ctgov:strong|XMAB5574:ctgov:strong	INCMOR00208|MOR-00208|MOR-208|MOR00208|MOR208|XMAB-5574|XMAB5574	52	2010-09	NCT01161511	PHASE1	0	code	Xencor, Inc.	2016-03-29	NCT02399085	66	2013-04	2010-09	2016-03-29	medium	INCMOR00208|MOR-00208|MOR-208|MOR00208|MOR208|XMAB-5574|XMAB5574
sunvozertinib	sunvozertinib|zegfrovy	sunvozertinib|zegfrovy	1	2025-07-02	2025-07-02	DZD9008	DZD9008:conf+ctgov+ctloc:strong	DZD9008	23	2019-07-09	NCT03974022	PHASE1;PHASE2	1	inn	Dizal Pharmaceuticals	2019-07-09	NCT03974022	0	2019-07-09	2019-07-09	2019-07-09	high	
linvoseltamab-gcpt	linvoseltamab|lynozyfic	linvoseltamab|lynozyfic	1	2025-07-02	2025-07-02	REGN-5458|REGN5458	REGN-5458:ctgov:strong|REGN5458:conf+ctgov:strong	REGN-5458|REGN5458	22	2019-01-23	NCT03761108	PHASE1;PHASE2	1	inn	Regeneron Pharmaceuticals	2019-01-23	NCT03761108	0	2019-01-23	2019-01-23	2019-01-23	high	REGN-5458
dordaviprone	dordaviprone|modeyso	dordaviprone|modeyso	1	2025-08-06	2025-08-06	ONC-201|ONC201|TIC10	ONC-201:ctgov:strong|ONC201:conf+ctgov+jrnl:strong|TIC10:conf:strong	ONC-201|ONC201|TIC10	27	2014-01	NCT02038699	PHASE1;PHASE2	1	code	Jazz Pharmaceuticals	2016-01	NCT02525692	24	2014-01	2014-01	2014-01	high	ONC-201
zongertinib	hernexeos|zongertinib	hernexeos|zongertinib	2	2025-08-08	2026-02-26				18	2021-07-02	NCT04886804	PHASE1	1	inn	Boehringer Ingelheim	2021-07-02	NCT04886804	0	2021-07-02	2021-07-02	2021-07-02	high	
gemcitabine intravesical system	gemcitabine|gemcitabine intravesical system|inlexzo	gemcitabine|inlexzo	1	2025-09-09	2025-09-09	FF-10832|FF10832|IOP-003|LY-188011|LY188011|NSC-613327|TAR-200	FF-10832:conf+ctgov:strong|FF10832:ctgov:strong|IOP-003:ctloc:strong|LY-188011:ctgov:strong|LY188011:ctgov:strong|NSC-613327:ctgov:strong|TAR-200:ctgov:strong	FF-10832|FF10832|IOP-003|LY-188011|LY188011|NSC-613327|TAR-200	408	1995-02	NCT00001431	PHASE1	1	inn	National Cancer Institute (NCI)	1995-02	NCT00001431	0	1995-02	1995-02	1995-02	high	FF10832|LY-188011|LY188011|NSC-613327|TAR-200
selumetinib	koselugo|selumetinib	koselugo|selumetinib	2	2025-09-10	2025-11-19	ARRY-142866|ARRY-142886|AZD-6244|AZD6244|MK-5618	ARRY-142866:ctgov:strong|ARRY-142886:ctgov:strong|AZD-6244:ctgov:strong|AZD6244:conf+ctgov:strong|MK-5618:ctgov:strong	ARRY-142866|ARRY-142886|AZD-6244|AZD6244|MK-5618	130	2004-06	NCT00085787	PHASE1	1	code	Array Biopharma, now a wholly owned subsidiary of Pfizer	2007-11	NCT00553332	41	2004-06	2004-06	2006-07	high	ARRY-142866|ARRY-142886|AZD-6244|MK-5618
imlunestrant	imlunestrant|inluriyo	imlunestrant|inluriyo	1	2025-09-25	2025-09-25	LY-3484356|LY3484356	LY-3484356:ctgov:strong|LY3484356:ctgov+ctloc:strong	LY-3484356|LY3484356	15	2019-12-10	NCT04188548	PHASE1	1	inn	Eli Lilly and Company	2019-12-10	NCT04188548	0	2019-12-10	2019-12-10	2019-12-10	high	LY-3484356
lurbinectedin	lurbinectedin|zepzelca	lurbinectedin|zepzelca	1	2025-10-02	2025-10-02	JZP712|PM01183|PM1183	JZP712:ctgov:strong|PM01183:ctgov:strong|PM1183:ctgov:strong	JZP712|PM01183|PM1183	64	2009-03	NCT00877474	PHASE1	1	code	PharmaMar	2011-05	NCT01970553	26	2009-03	2009-03	2011-05	high	JZP712|PM01183|PM1183
cemiplimab-rwlc	cemiplimab|libtayo	cemiplimab|libtayo	1	2025-10-08	2025-10-08	HDREGN2810|ISA101B|REGN-2810|REGN2810|REGN3767|SAR439684|SDREGN2810	HDREGN2810:ctgov:strong|ISA101B:ctgov:strong|REGN-2810:ctgov:strong|REGN2810:conf+ctgov+ctloc:strong|REGN3767:ctgov:strong|SAR439684:ctloc:strong|SDREGN2810:ctgov:strong	HDREGN2810|ISA101B|REGN-2810|REGN2810|REGN3767|SAR439684|SDREGN2810	216	2013-09	NCT02128126	PHASE1;PHASE2	1	code	ISA Pharmaceuticals	2015-02-02	NCT02383212	17	2013-09	2010-03-01	2015-02-02	high	HDREGN2810|ISA101B|REGN-2810|REGN3767|SDREGN2810
belantamab mafodotin-blmf	belantamab mafodotin|blenrep	belantamab mafodotin|blenrep	1	2025-10-23	2025-10-23	GSK2857916	GSK2857916:conf+ctgov+ctloc:strong	GSK2857916	68	2014-07-29	NCT02064387	PHASE1	1	code	GlaxoSmithKline	2018-06-18	NCT03525678	47	2014-07-29	2014-07-29	2014-07-29	high	
Poherdy	pertuzumab	pertuzumab	1	2025-11-13	2025-11-13	BCD-178|DHP107|EG1206A|HLX11|HS627|MOAB-2C4|RG1273|RG6264|RHUMAB-2C4|RHUMAB2C4|RMX3001|RO4368451|RO7198574|TQB-2440|TQB2440	BCD-178:ctgov:strong|DHP107:ctgov:strong|EG1206A:ctgov:strong|HLX11:ctgov:strong|HS627:ctgov:strong|MOAB-2C4:ctgov:rejected|RG1273:ctgov:strong|RG6264:ctgov:strong|RHUMAB-2C4:ctgov:strong|RHUMAB2C4:ctgov:strong|RMX3001:ctgov:strong|RO4368451:ctgov:strong|RO7198574:ctgov:strong|TQB-2440:ctgov:strong|TQB2440:ctgov:strong	BCD-178|DHP107|EG1206A|HLX11|HS627|RG1273|RG6264|RHUMAB-2C4|RHUMAB2C4|RMX3001|RO4368451|RO7198574|TQB-2440|TQB2440	289	2001-11	NCT00027027	PHASE1	1	code	Genentech, Inc.	2003-02	NCT02491892	15	2001-11	2001-11	2003-02	high	BCD-178|DHP107|EG1206A|HLX11|HS627|RG1273|RG6264|RHUMAB-2C4|RHUMAB2C4|RMX3001|RO4368451|RO7198574|TQB-2440|TQB2440
ziftomenib	komzifti|ziftomenib	komzifti|ziftomenib	1	2025-11-13	2025-11-13	KO-539|KO539	KO-539:conf+ctgov:strong|KO539:ctgov:strong	KO-539|KO539	15	2019-09-12	NCT04067336	PHASE1;PHASE2	1	inn	Kura Oncology, Inc.	2019-09-12	NCT04067336	0	2019-09-12	2019-09-12	2019-09-12	high	KO539
sevabertinib	hyrnuo|sevabertinib	hyrnuo|sevabertinib	1	2025-11-19	2025-11-19	BAY-2927088|BAY2927088	BAY-2927088:ctgov+ctloc:strong|BAY2927088:ctgov:strong	BAY-2927088|BAY2927088	10	2021-10-25	NCT05099172	PHASE1;PHASE2	1	code	Bayer	2024-08-28	NCT06452277	34	2021-10-25	2021-10-25	2021-10-25	high	BAY2927088
rucaparib	rubraca|rucaparib	rubraca|rucaparib	1	2025-12-17	2025-12-17	AG-014447|AG-14699|CO-338	AG-014447:ctgov:strong|AG-14699:ctgov:strong|CO-338:ctgov:strong	AG-014447|AG-14699|CO-338	60	2007-12	NCT00664781	PHASE2	1	inn	Cancer Research UK	2007-12	NCT00664781	0	2007-12	2007-12	2007-12	low	AG-014447|AG-14699|CO-338
teclistamab	teclistamab|tecvayli	teclistamab|tecvayli	1	2026-03-05	2026-03-05				58	2017-05-16	NCT03145181	PHASE1	1	inn	Janssen Research & Development, LLC	2017-05-16	NCT03145181	0	2017-05-16	2017-05-16	2017-05-16	high	
relacorilant	lifyorli|relacorilant	lifyorli|relacorilant	1	2026-03-25	2026-03-25	CORT-125134|CORT125134	CORT-125134:ctgov:strong|CORT125134:ctgov:strong	CORT-125134|CORT125134	26	2014-09	NCT03508635	PHASE1	1	code	Corcept Therapeutics	2016-05-23	NCT02762981	20	2014-09	2014-09	2016-05-23	high	CORT-125134|CORT125134
vepdegestrant	vepdegestrant|veppanu	vepdegestrant|veppanu	1	2026-05-01	2026-05-01	ARV-471	ARV-471:conf+ctgov:strong	ARV-471	24	2019-08-05	NCT04072952	PHASE1;PHASE2	1	code	Arvinas Estrogen Receptor, Inc.	2020-11-16	NCT04606446	15	2019-08-05	2010-03-01	2019-08-05	high	
decitabine	cedazuridine|decitabine|inqovi	cedazuridine|decitabine|inqovi	1	2026-05-13	2026-05-13	ASTX-727|ASTX727|IND-50733|LBH589|NSC-127716|PKC412	ASTX-727:ctgov:strong|ASTX727:conf+ctgov+ctloc:strong|IND-50733:ctgov:strong|LBH589:ctgov:strong|NSC-127716:ctgov:strong|PKC412:ctgov:strong	ASTX-727|ASTX727|IND-50733|LBH589|NSC-127716|PKC412	496	1995-08	NCT00002832	PHASE1;PHASE2	1	inn	M.D. Anderson Cancer Center	1995-08	NCT00002832	0	1995-08	1995-08	1995-08	high	ASTX-727|IND-50733|LBH589|NSC-127716|PKC412
sonrotoclax	beqalzi|sonrotoclax	beqalzi|sonrotoclax	1	2026-05-13	2026-05-13	BG-71332|BGB-11417|BGB11417	BG-71332:ctgov:strong|BGB-11417:conf+ctgov+ctloc+jrnl:strong|BGB11417:ctgov:strong	BG-71332|BGB-11417|BGB11417	42	2020-02-19	NCT04271956	PHASE2	1	inn	German CLL Study Group	2020-02-19	NCT04271956	0	2020-02-19	2020-02-19	2020-02-19	low	BG-71332|BGB11417
pivekimab sunirine-pvzy	decnupaz|pivekimab sunirine	decnupaz|pivekimab sunirine	1	2026-05-27	2026-05-27	IMGN-632|IMGN632	IMGN-632:ctgov:strong|IMGN632:conf+ctgov+jrnl:strong	IMGN-632|IMGN632	6	2018-01-02	NCT03386513	PHASE1;PHASE2	1	code	AbbVie	2023-12-18	NCT06034470	71	2018-01-02	2018-01-02	2018-01-02	high	IMGN-632
palbociclib	ibrance|palbociclib	ibrance|palbociclib	1	2026-06-24	2026-06-24	ONT-380	ONT-380:ctgov:conflict		269	2009-10	NCT01037790	PHASE2	0	inn	Abramson Cancer Center at Penn Medicine	2009-10	NCT01037790	0	2010-09-23	2009-10	2009-10	low	
tregzi	tregzi	tregzi	1	2026-06-30	2026-06-30				0				0									none	
gedatolisib	gedatolisib|revtorpyk	gedatolisib|revtorpyk	1	2026-07-14	2026-07-14	PKI-587	PKI-587:ctgov:strong	PKI-587	17	2010-01	NCT00940498	PHASE1	1	code	Pfizer	2013-09-10	NCT01920061	44	2010-01	2010-01	2013-09-10	high	PKI-587
zidesamtinib	jideytro|zidesamtinib	jideytro|zidesamtinib	1	2026-07-22	2026-07-22	NVL-520	NVL-520:ctgov:strong	NVL-520	1	2022-01-04	NCT05118789	PHASE1;PHASE2	1	inn	Nuvalent Inc.	2022-01-04	NCT05118789	0	2022-01-04	2022-01-04	2022-01-04	high	NVL-520
vusolimogene oderparepvec-wtpg	tudriqev|vusolimogene oderparepvec	tudriqev|vusolimogene oderparepvec	1	2026-08-06	2026-08-06	RP1	RP1:conf+ctgov+ctloc+jrnl:strong	RP1	8	2017-09-20	NCT03767348	PHASE2	1	code	Replimune, Inc.	2024-03-07	NCT06216938	78	2017-09-20	2017-09-20	2017-09-20	low	
iberdomide	iberdomide|zenbexus	iberdomide|zenbexus	1	2026-08-13	2026-08-13	BMS-986382|CC-220|CC220	BMS-986382:ctgov:strong|CC-220:conf+ctgov+ctloc:strong|CC220:ctgov:strong	BMS-986382|CC-220|CC220	53	2012-11-01	NCT01733875	PHASE1	1	code	Celgene	2016-10-14	NCT02773030	47	2012-11-01	2012-11-01	2012-11-01	high	BMS-986382|CC220
daraxonrasib	daraxonrasib|rasonque	daraxonrasib|rasonque	1	2026-08-26	2026-08-26	RMC-6236	RMC-6236:conf+ctgov+ctloc:strong	RMC-6236	15	2022-05-31	NCT05379985	PHASE1;PHASE2	1	code	Revolution Medicines, Inc.	2023-11-14	NCT06128551	18	2022-05-31	2022-05-31	2022-05-31	high	
